<?xml version="1.0" encoding="UTF-8"?>
<project-private xmlns="http://www.netbeans.org/ns/project-private/1">
    <editor-bookmarks xmlns="http://www.netbeans.org/ns/editor-bookmarks/2" lastBookmarkId="0"/>
    <open-files xmlns="http://www.netbeans.org/ns/projectui-open-files/2">
        <group>
            <file>file:/F:/Lab10Waiyat/src/lab10waiyat/Lab10Waiyat.java</file>
            <file>file:/F:/Lab10Waiyat/Lab10OP.txt</file>
            <file>file:/F:/Lab10Waiyat/Lab10IP.txt</file>
        </group>
    </open-files>
</project-private>
